{"layers_cardinalities": [3, 2, 2, 1], "next_node_id": [8], "fitness": [-3.9963355961238287], "nodes": [[1, 0], [2, 0], [3, 3], [4, 2], [5, 2], [6, 1], [7, 1]], "connections": [[0, 3, -1.3969250116921952, 0, true], [1, 3, 4.539772041125808, 1, true], [2, 3, -6.648381117177225, 2, true], [1, 4, -4.5608376262760535, 29, true], [4, 3, -4.613786906493523, 30, true], [0, 4, 1.0669576019206848, 31, true], [5, 3, 12.827830770089093, 34, true], [0, 5, -3.6771107601848176, 35, true], [2, 5, 8.005236296045416, 36, true], [1, 5, -9.454471662252724, 37, true], [2, 4, -1.766365270041679, 126, true], [2, 6, 0.36667453356814406, 238, true], [0, 6, -0.001617770665470697, 240, true], [6, 4, -0.10844656890978766, 241, true], [2, 7, 1.945893844694066, 259, true], [7, 4, -1.2740654163304876, 260, true], [0, 7, -1.00147117497027, 261, true], [7, 5, -0.581599557233426, 264, true]]}