{"layers_cardinalities": [3, 1, 2, 1, 1, 1], "next_node_id": [9], "fitness": [-3.9791241239336803], "nodes": [[1, 0], [2, 0], [3, 5], [4, 2], [5, 2], [6, 1], [7, 4], [8, 3]], "connections": [[0, 3, -0.41715402254841316, 0, true], [1, 3, -3.3323851483375675, 1, true], [2, 3, -4.9974216368481965, 2, true], [1, 4, 0.20728087112867882, 8, false], [4, 3, -0.2820756719613656, 9, true], [0, 4, -0.5128561583481385, 10, true], [5, 3, 8.661710480193264, 24, true], [0, 5, -2.5723943263811537, 25, true], [2, 5, 6.591670007778162, 26, true], [1, 5, 8.12489929718065, 28, true], [1, 6, 3.654218926230305, 37, true], [6, 4, -0.5520642904320858, 38, true], [0, 6, -1.3629187402146814, 39, true], [4, 7, 0.33714803150329176, 45, false], [7, 3, -4.0189953856618, 46, true], [0, 7, 0.6868700073156743, 47, true], [4, 8, -0.567922768014186, 91, true], [8, 7, -0.39790793623063636, 92, false], [0, 8, -1.0312125996838872, 93, true], [6, 7, 3.10313703656091, 114, true], [5, 7, -3.287991051191903, 149, true]]}