{"layers_cardinalities": [3, 1, 1, 1], "next_node_id": [6], "nodes": [[1, 0], [2, 0], [3, 3], [4, 2], [5, 1]], "connections": [[0, 3, 2.626672127672049, 0, true], [1, 3, -5.767892108503061, 1, true], [2, 3, -6.767007056917462, 2, true], [2, 4, -3.2729379346095224, 2, true], [4, 3, -8.60729359906189, 3, true], [0, 4, 3.2655472995189823, 4, true], [1, 4, -2.7171351288052175, 19, true], [2, 5, 10.371105532864311, 96, true], [0, 5, -2.844250764812298, 98, true], [5, 4, -5.846995971223198, 100, true], [5, 3, 7.191077246638115, 107, true], [1, 5, 7.915152446402297, 113, true]]}