{"layers_cardinalities": [3, 1, 1], "next_node_id": [5], "fitness": [0.010169985105488858], "nodes": [[1, 0], [2, 0], [3, 2], [4, 1]], "connections": [[0, 3, -3.419034776229139, 0, true], [1, 3, -5.698519080792816, 1, true], [2, 3, -5.71791045123555, 2, true], [4, 3, 12.082907861194704, 159, true], [0, 4, -4.293291843136048, 160, true], [2, 4, 9.744939055853807, 161, true], [1, 4, 11.342417992172242, 174, true]]}