{"layers_cardinalities": [4, 2, 2, 2], "next_node_id": [10], "fitness": [-1260.0], "nodes": [[1, 0], [2, 0], [3, 0], [4, 3], [5, 3], [6, 2], [7, 2], [8, 1], [9, 1]], "connections": [[0, 4, -0.04737556902145504, 0, true], [0, 5, -0.14579745462095775, 1, true], [1, 4, -0.003203485012338969, 2, true], [1, 5, 0.3226097207255239, 3, true], [2, 4, 0.5067135297988874, 4, true], [2, 5, 0.6246330647161806, 5, false], [3, 4, -0.033692594231421125, 6, false], [3, 5, -2.197261297794599, 7, true], [6, 4, 0.5965342393823923, 13, false], [0, 6, -0.8651774061117221, 14, true], [3, 6, 1.4506785502048758, 15, false], [6, 5, -0.055216357405597355, 17, true], [2, 6, -0.28832960844548494, 29, true], [1, 6, 1.1365337402001376, 32, true], [0, 7, -0.48522209459131327, 50, true], [7, 5, -0.12451759054476308, 52, true], [3, 7, 0.683617563109256, 53, false], [2, 7, 1.2422533657593053, 54, false], [7, 4, -0.6074836316551273, 61, true], [1, 7, -0.8567900074169525, 70, true], [3, 8, 0.020571588412857444, 94, true], [8, 7, 1.3368860727005054, 95, true], [0, 8, 0, 96, true], [8, 5, -0.09310472617662502, 112, true], [1, 8, 0.09781221655556285, 244, true], [8, 6, 0.1841863088016331, 247, true], [2, 8, -0.4763756980374693, 291, true], [1, 9, 1, 408, true], [9, 7, -1.6674371089565485, 409, true], [0, 9, -0.16714710815201947, 410, true]]}