{"layers_cardinalities": [4, 1, 1, 2], "next_node_id": [8], "fitness": [-8292.0], "nodes": [[1, 0], [2, 0], [3, 0], [4, 3], [5, 3], [6, 2], [7, 1]], "connections": [[0, 4, -0.370232831141509, 0, true], [0, 5, -0.13593124377897214, 1, true], [1, 4, -0.35230786496797817, 2, false], [1, 5, 0.3199956110464509, 3, true], [2, 4, -0.23633180499063622, 4, false], [2, 5, -0.7930250151322252, 5, true], [3, 4, 2.4357646177382417, 6, true], [3, 5, -1.646456411381618, 7, true], [3, 6, 1.6861236190112583, 34, false], [6, 4, 0.2977575119594037, 35, true], [0, 6, -2.1235987611373743, 36, true], [2, 6, -0.24875925777857621, 40, false], [6, 5, 0.485333787942421, 75, false], [1, 6, 1.126418125967208, 82, false], [2, 7, 0.5649959626089442, 579, true], [0, 7, 0, 581, true], [7, 6, -0.6083702379221135, 582, true], [3, 7, 0.28514141153042694, 617, true]]}