{"layers_cardinalities": [4, 2, 2], "next_node_id": [8], "fitness": [-1043.0], "nodes": [[1, 0], [2, 0], [3, 0], [4, 2], [5, 2], [6, 1], [7, 1]], "connections": [[0, 4, -0.0028555626376403974, 0, true], [0, 5, 0.09301920367617189, 1, true], [1, 4, -0.27325248826255677, 2, true], [1, 5, 0.04165831707990003, 3, true], [2, 4, 0.26341277195666923, 4, true], [2, 5, -1.055026780505671, 5, false], [3, 4, 3.169217197430149, 6, true], [1, 6, 0.2570979571146649, 6, false], [3, 5, -0.9250128715706195, 7, false], [6, 5, -0.06245684362648324, 7, false], [0, 6, -1.1350436034642595, 8, true], [3, 6, -0.9096706965526722, 11, true], [6, 4, -0.09777456683899077, 13, true], [3, 7, 1.9478303812055704, 26, false], [7, 5, -0.1983424821121733, 27, true], [0, 7, -3.294039759585506, 28, true], [1, 7, -0.8866839193177241, 41, false], [2, 7, 0.41772215320258055, 46, true], [2, 6, -0.4075605957281466, 52, false], [7, 4, -0.6767499019460046, 65, false]]}