{"layers_cardinalities": [4, 3, 2], "next_node_id": [9], "fitness": [-6656.0], "nodes": [[1, 0], [2, 0], [3, 0], [4, 2], [5, 2], [6, 1], [7, 1], [8, 1]], "connections": [[0, 4, -0.8192369049015623, 0, true], [0, 5, -0.4581879207432134, 1, true], [1, 4, 0.1638695637604437, 2, true], [1, 5, 0.09262536353934558, 3, true], [2, 4, 1.0230612662036889, 4, true], [2, 5, -0.149545364020696, 5, false], [3, 4, 1.6150805729059432, 6, false], [3, 5, -1.3446968774171424, 7, false], [3, 6, 3.6272523705570743, 18, true], [6, 5, -2.5269108351741605, 19, true], [0, 6, 0, 20, true], [7, 5, 0.023749735420819984, 25, true], [0, 7, 0.31183810361408476, 26, true], [1, 7, -0.32087174324785706, 29, true], [7, 4, -0.4632895734136318, 35, true], [3, 7, -1.8569680332864922, 45, true], [2, 6, 0.23902908090251715, 51, false], [1, 6, -0.3673452629641513, 59, true], [6, 4, 0.8149052873798124, 89, true], [2, 7, -0.8195651111262628, 93, true], [2, 8, 1.2383450725388132, 622, true], [8, 4, 0.9365805336417771, 623, true], [0, 8, -0.09137685038386167, 624, true], [3, 8, 0.29365665488901027, 686, true], [8, 5, -0.11276777266139071, 736, true], [1, 8, -0.091587835448943, 774, true]]}