{"layers_cardinalities": [4, 1, 1, 2], "next_node_id": [8], "fitness": [-1319.0], "nodes": [[1, 0], [2, 0], [3, 0], [4, 3], [5, 3], [6, 1], [7, 2]], "connections": [[0, 4, -0.00486954885790389, 0, true], [0, 5, 0.024110159233594223, 1, true], [1, 4, -0.02322314016420801, 2, true], [1, 5, 0.4385723345160587, 3, true], [2, 4, 0.09751154623380115, 4, true], [2, 5, -1.171271070449137, 5, true], [3, 4, 3.395740629077732, 6, true], [3, 5, -3.0799762211894826, 7, true], [1, 6, 0.5022653552887488, 21, true], [0, 6, -0.2869827343505452, 23, true], [6, 4, -0.03651022340090694, 24, true], [6, 5, 0.27284498352254677, 30, true], [3, 6, -0.9382844942258797, 32, true], [2, 6, -0.19611063063934298, 34, true], [6, 7, 1, 163, true], [7, 5, 0.25136547756763167, 164, true], [0, 7, 0.33508857116488083, 165, true], [2, 7, 0.7208526039052532, 169, true], [1, 7, 0.086488488788588, 170, true], [3, 7, 0.9690338931269813, 207, true]]}