{"layers_cardinalities": [4, 2, 2], "next_node_id": [8], "fitness": [-961.0], "nodes": [[1, 0], [2, 0], [3, 0], [4, 2], [5, 2], [6, 1], [7, 1]], "connections": [[0, 4, 0.019011755731102056, 0, true], [0, 5, 0.0870091434562456, 1, true], [1, 4, 0.9388078750830001, 2, true], [1, 5, 1.1824933196325171, 3, true], [2, 4, 0.6698250682118356, 4, true], [2, 5, -0.5224998178764222, 5, false], [3, 4, 1.4328809773227402, 6, true], [3, 5, -1.159008044737145, 7, true], [6, 5, 0.09413971236188123, 16, false], [0, 6, 0.3854985874299517, 17, true], [1, 6, -0.6679383628792382, 20, true], [7, 5, 0.07261133802493458, 23, true], [0, 7, -0.11074742350586021, 24, true], [3, 7, 0.999255025376095, 27, false], [2, 7, 0.43777034190762437, 33, true], [2, 6, 0.6538119987499142, 44, false], [1, 7, 0.6438967888541134, 68, true], [3, 6, -0.39029677170613136, 75, true], [7, 4, 0.11034167903776579, 98, false], [6, 4, -0.08941518431209927, 176, false]]}