{"layers_cardinalities": [4, 1, 2, 1], "next_node_id": [8], "fitness": [-1099.0], "nodes": [[1, 0], [2, 0], [3, 0], [4, 3], [5, 2], [6, 2], [7, 1]], "connections": [[0, 4, 0.042240938659213266, 0, true], [1, 4, 0.0625769575792558, 1, true], [2, 4, 0.983688470314213, 2, true], [3, 4, 1.8042393656837576, 3, true], [5, 4, -0.20851836555177922, 7, true], [0, 5, -0.15263617522713213, 8, true], [1, 5, 0.7332532143177612, 9, true], [3, 5, 1.0802375019270816, 22, false], [2, 5, 0.5626407685786743, 27, true], [3, 6, 0.8562353726050811, 108, true], [0, 6, -0.10132551503532117, 110, true], [6, 4, 1.1954773645320476, 112, true], [1, 6, -0.16024245965318867, 114, true], [2, 6, 0.14313719201647213, 124, true], [3, 7, 1, 135, true], [7, 6, 1.1590546430714146, 136, true], [0, 7, -0.15846511292979676, 137, true]]}