{"layers_cardinalities": [4, 1, 2, 2], "next_node_id": [9], "fitness": [-8292.0], "nodes": [[1, 0], [2, 0], [3, 0], [4, 3], [5, 3], [6, 2], [7, 2], [8, 1]], "connections": [[0, 4, -0.370232831141509, 0, true], [0, 5, -0.13593124377897214, 1, true], [1, 4, -0.35230786496797817, 2, false], [1, 5, 0.3199956110464509, 3, true], [2, 4, -0.23633180499063622, 4, false], [2, 5, -0.7930250151322252, 5, true], [3, 4, 2.4357646177382417, 6, true], [3, 5, -1.646456411381618, 7, true], [6, 4, 0.2056729970366259, 10, false], [0, 6, -1.9836890590109868, 11, true], [3, 6, -1.3572359251549968, 12, false], [6, 5, -0.08396970576929107, 13, false], [2, 6, 0.007225804628552768, 20, false], [3, 7, 1.6861236190112583, 34, false], [7, 4, 0.2977575119594037, 35, true], [0, 7, -2.1235987611373743, 36, true], [2, 7, -0.24875925777857621, 40, false], [1, 6, -0.048584431040352344, 72, true], [7, 5, 0.485333787942421, 75, false], [1, 7, 1.126418125967208, 82, false], [2, 8, 0.5649959626089442, 579, true], [0, 8, 0, 581, true], [8, 7, -0.6083702379221135, 582, true], [3, 8, 0.28514141153042694, 617, true]]}