{"layers_cardinalities": [4, 2, 3, 2], "next_node_id": [11], "fitness": [-6090.0], "nodes": [[1, 0], [2, 0], [3, 0], [4, 3], [5, 3], [6, 2], [7, 2], [8, 2], [9, 1], [10, 1]], "connections": [[0, 4, -0.16722484454010944, 0, true], [0, 5, 0, 1, true], [1, 4, -0.13443333206933003, 2, false], [1, 5, 0.12469311552612211, 3, true], [2, 4, -0.23395962345107324, 4, false], [2, 5, -0.5370729141946309, 5, true], [3, 4, 0.7928351437235135, 6, true], [3, 5, -2.20962953381719, 7, true], [6, 4, -0.16080009764161465, 7, true], [0, 6, -1.1840012160665943, 8, true], [1, 6, 0.40433725989555347, 9, true], [2, 6, 1.301013397055643, 10, false], [3, 6, -0.8131852957399855, 24, true], [6, 5, -0.3522553742550271, 33, true], [7, 4, -0.3566459521049119, 68, true], [0, 7, -0.16748133828366885, 69, true], [2, 7, 1, 70, false], [3, 8, 1.460569242296869, 74, true], [0, 8, -0.4702437854339552, 76, true], [8, 5, -0.47892519722034294, 79, true], [1, 8, -1.3933044017688518, 93, false], [2, 8, -0.701388463785034, 129, true], [2, 9, 0.15832540922580568, 227, true], [9, 8, -0.8709960949283762, 229, true], [0, 9, 0.17556099781606616, 230, true], [9, 7, 0.14403822003955719, 327, true], [10, 8, -0.612933107088857, 499, true], [0, 10, 0, 500, true], [1, 10, 1.6584497470809132, 506, true], [3, 7, -0.6969801855954816, 992, true], [1, 7, 0.9198060675891248, 1024, true], [1, 9, -0.5046323916422235, 1077, true]]}