{"layers_cardinalities": [6, 1, 2, 1], "next_node_id": [10], "fitness": [-288.0], "nodes": [[1, 0], [2, 0], [3, 0], [4, 0], [5, 0], [6, 3], [7, 2], [8, 2], [9, 1]], "connections": [[0, 6, 0, 0, true], [1, 6, 0.010912631807582198, 1, false], [2, 6, -0.18529092386871732, 2, true], [3, 6, -0.6660779943296813, 3, true], [4, 6, -0.040893475951151365, 4, true], [5, 6, 0.8771458324357211, 5, true], [7, 6, -0.0008075076121618896, 6, true], [0, 7, 0.2857014150958631, 7, true], [2, 7, 1.2161246817633171, 8, true], [1, 7, -0.2950295721391498, 10, true], [8, 6, 0.2509447515619448, 27, true], [0, 8, -0.009432634635058917, 28, true], [5, 8, 0.46043062743425767, 29, true], [1, 8, 0.2571265059047837, 33, true], [1, 9, 0.38259440970286734, 79, true], [9, 7, -1.1412543795342205, 80, true], [0, 9, -0.44267421167965154, 81, true], [3, 9, 0.7272911755448384, 83, false]]}