{"layers_cardinalities": [6, 1], "next_node_id": [7], "fitness": [-97.0], "nodes": [[1, 0], [2, 0], [3, 0], [4, 0], [5, 0], [6, 1]], "connections": [[0, 6, -0.13882740733174923, 0, true], [1, 6, 0.3266490228249931, 1, true], [2, 6, -0.998696902543101, 2, true], [3, 6, -0.37235603471461315, 3, true], [4, 6, 0.3712487283214334, 4, true], [5, 6, 0.6366424773545971, 5, true]]}