{"layers_cardinalities": [6, 1, 1], "next_node_id": [8], "fitness": [-178.0], "nodes": [[1, 0], [2, 0], [3, 0], [4, 0], [5, 0], [6, 2], [7, 1]], "connections": [[0, 6, 0.016126865522638145, 0, true], [1, 6, 0.019306660382760493, 1, true], [2, 6, -0.6924777577313022, 2, false], [3, 6, -2.3790696356613736, 3, true], [4, 6, 0.11700249508768136, 4, true], [5, 6, 3.287247523867491, 5, true], [3, 7, 1.8222930216368667, 80, true], [7, 6, -1.4699722080465718, 81, true], [0, 7, 0.05091396261729063, 82, true], [2, 7, 0.7636737736108501, 101, true]]}