{"layers_cardinalities": [6, 1, 1], "next_node_id": [8], "fitness": [-501.0], "nodes": [[1, 0], [2, 0], [3, 0], [4, 0], [5, 0], [6, 2], [7, 1]], "connections": [[0, 6, -0.0026984293432936943, 0, true], [1, 6, 0.31240098712167663, 1, false], [2, 6, -0.8142063339532889, 2, true], [3, 6, 0.06867567696181064, 3, true], [4, 6, 0.3710357611246309, 4, true], [5, 6, 2.1569373428070913, 5, true], [7, 6, -0.5996604757385875, 9, true], [0, 7, 0.0016833492120245075, 10, true], [3, 7, 4.470457957718405, 11, true], [1, 7, -0.02589501317527565, 12, true], [2, 7, 0.321249609912827, 146, true]]}