{"layers_cardinalities": [6, 3, 1, 1], "next_node_id": [11], "fitness": [-75.0], "nodes": [[1, 0], [2, 0], [3, 0], [4, 0], [5, 0], [6, 3], [7, 1], [8, 1], [9, 2], [10, 1]], "connections": [[0, 6, 0, 0, true], [1, 6, 0.9685700843203914, 1, false], [2, 6, -0.30211396647810207, 2, true], [3, 6, -0.624514370132579, 3, false], [4, 6, -0.1635788075464576, 4, false], [5, 6, 0.9834828662620607, 5, true], [7, 6, 1.5070592331006574, 6, true], [0, 7, 0, 7, true], [5, 7, 1, 9, true], [4, 7, 0.1470899871739817, 20, true], [3, 7, -0.6115976079936994, 25, true], [8, 6, -0.7259369472680597, 29, false], [0, 8, 0, 30, true], [4, 8, 1, 34, true], [9, 6, 1.5070592331006574, 43, true], [0, 9, 0, 44, true], [7, 9, 1, 47, true], [5, 10, 0.695931938050599, 56, true], [10, 6, 0.7596611994243259, 57, true], [0, 10, 0, 58, true], [2, 7, -0.377999298377675, 114, true], [2, 8, 0.9912393235531587, 229, true]]}