{"layers_cardinalities": [6, 1, 1], "next_node_id": [8], "fitness": [-1001.0], "nodes": [[1, 0], [2, 0], [3, 0], [4, 0], [5, 0], [6, 2], [7, 1]], "connections": [[0, 6, -0.006959439874583358, 0, true], [1, 6, 0.01647190376024947, 1, true], [2, 6, -0.52963864068373, 2, true], [3, 6, 0.17276813751307996, 3, false], [4, 6, -0.028858487444879732, 4, false], [5, 6, 1.5894205109587707, 5, true], [3, 7, 1.9961464272772165, 26, true], [7, 6, -1.202041377045417, 27, true], [0, 7, 0, 28, true]]}